{
    "split0_test_rmse": [
        0.9809481731324626,
        0.9847722532610114,
        1.0186273990735446,
        1.0184401027583003,
        1.0372537423570347,
        1.0461944443401463,
        1.071184138509403,
        1.071729247333856,
        1.0731857656078887,
        1.0745510654036368,
        1.0967036586853165,
        1.1005629176109968
    ],
    "split0_train_rmse": [
        0.8111512196233992,
        0.7768462561551354,
        0.6717853855427436,
        0.614952699709468,
        0.6177604188707234,
        0.5522304296993786,
        0.543983405516488,
        0.4638033402816921,
        0.5941309494818179,
        0.5112433332984241,
        0.547223610815216,
        0.46428134446351643
    ],
    "split1_test_rmse": [
        0.9790929686211784,
        0.9841295382518941,
        1.007773895277718,
        1.015081108917272,
        1.037233991794189,
        1.0419224681842227,
        1.0690243571493367,
        1.0746416163192003,
        1.0737145314644927,
        1.0789741573758505,
        1.0978746434855091,
        1.1019850974384993
    ],
    "split1_train_rmse": [
        0.8096634410947071,
        0.7768547198325355,
        0.6679075138127615,
        0.6138690180322971,
        0.6212466850938207,
        0.5535506370192133,
        0.5460674173361139,
        0.4639882253277552,
        0.5877587033047106,
        0.5220815859968915,
        0.5424033236816251,
        0.46546551286002885
    ],
    "mean_test_rmse": [
        0.9800205708768206,
        0.9844508957564527,
        1.0132006471756312,
        1.0167606058377863,
        1.037243867075612,
        1.0440584562621846,
        1.0701042478293699,
        1.0731854318265281,
        1.0734501485361907,
        1.0767626113897437,
        1.0972891510854128,
        1.101274007524748
    ],
    "std_test_rmse": [
        0.0009276022556420904,
        0.0003213575045586392,
        0.005426751897913307,
        0.0016794969205141674,
        9.875281422822013e-06,
        0.0021359880779617813,
        0.0010798906800331132,
        0.0014561844926721523,
        0.0002643829283019983,
        0.0022115459861068443,
        0.0005854924000963102,
        0.0007110899137512394
    ],
    "mean_train_rmse": [
        0.8104073303590531,
        0.7768504879938354,
        0.6698464496777525,
        0.6144108588708825,
        0.619503551982272,
        0.5528905333592959,
        0.5450254114263009,
        0.46389578280472366,
        0.5909448263932642,
        0.5166624596476578,
        0.5448134672484206,
        0.4648734286617726
    ],
    "std_train_rmse": [
        0.0007438892643460426,
        4.231838700075041e-06,
        0.0019389358649910537,
        0.000541840838585439,
        0.001743133111548667,
        0.0006601036599173105,
        0.0010420059098129042,
        9.244252303153289e-05,
        0.0031861230885536496,
        0.005419126349233694,
        0.0024101435667954196,
        0.0005920841982562097
    ],
    "rank_test_rmse": [
        1,
        2,
        3,
        4,
        5,
        6,
        7,
        8,
        9,
        10,
        11,
        12
    ],
    "mean_fit_time": [
        17.916154861450195,
        19.07443380355835,
        26.616342663764954,
        29.714784026145935,
        17.276987552642822,
        19.3424813747406,
        25.21160113811493,
        28.61875009536743,
        16.691570162773132,
        20.050697445869446,
        25.65712559223175,
        29.697059273719788
    ],
    "std_fit_time": [
        0.12832355499267578,
        0.10306310653686523,
        0.04280197620391846,
        0.005904793739318848,
        0.09333586692810059,
        0.1822822093963623,
        0.39538586139678955,
        0.20521211624145508,
        0.11053597927093506,
        0.975530743598938,
        0.3525649309158325,
        0.9138582944869995
    ],
    "mean_test_time": [
        16.3813236951828,
        16.28352153301239,
        15.074984192848206,
        16.558478116989136,
        14.973891019821167,
        15.549092054367065,
        16.04650902748108,
        14.393001198768616,
        15.021597027778625,
        14.690804958343506,
        14.32173204421997,
        15.366564273834229
    ],
    "std_test_time": [
        0.40214216709136963,
        0.6124123334884644,
        0.6656557321548462,
        1.512697458267212,
        0.9498031139373779,
        1.4242324829101562,
        0.5866343975067139,
        0.33370864391326904,
        0.28955137729644775,
        0.5093207359313965,
        0.7514712810516357,
        0.23367547988891602
    ],
    "params": [
        {
            "lr_all": 0.01,
            "n_epochs": 10,
            "n_factors": 10,
            "reg_all": 0.01,
            "verbose": true
        },
        {
            "lr_all": 0.01,
            "n_epochs": 10,
            "n_factors": 15,
            "reg_all": 0.01,
            "verbose": true
        },
        {
            "lr_all": 0.01,
            "n_epochs": 15,
            "n_factors": 10,
            "reg_all": 0.01,
            "verbose": true
        },
        {
            "lr_all": 0.01,
            "n_epochs": 15,
            "n_factors": 15,
            "reg_all": 0.01,
            "verbose": true
        },
        {
            "lr_all": 0.02,
            "n_epochs": 10,
            "n_factors": 10,
            "reg_all": 0.01,
            "verbose": true
        },
        {
            "lr_all": 0.02,
            "n_epochs": 10,
            "n_factors": 15,
            "reg_all": 0.01,
            "verbose": true
        },
        {
            "lr_all": 0.02,
            "n_epochs": 15,
            "n_factors": 10,
            "reg_all": 0.01,
            "verbose": true
        },
        {
            "lr_all": 0.02,
            "n_epochs": 15,
            "n_factors": 15,
            "reg_all": 0.01,
            "verbose": true
        },
        {
            "lr_all": 0.03,
            "n_epochs": 10,
            "n_factors": 10,
            "reg_all": 0.01,
            "verbose": true
        },
        {
            "lr_all": 0.03,
            "n_epochs": 10,
            "n_factors": 15,
            "reg_all": 0.01,
            "verbose": true
        },
        {
            "lr_all": 0.03,
            "n_epochs": 15,
            "n_factors": 10,
            "reg_all": 0.01,
            "verbose": true
        },
        {
            "lr_all": 0.03,
            "n_epochs": 15,
            "n_factors": 15,
            "reg_all": 0.01,
            "verbose": true
        }
    ],
    "param_lr_all": [
        0.01,
        0.01,
        0.01,
        0.01,
        0.02,
        0.02,
        0.02,
        0.02,
        0.03,
        0.03,
        0.03,
        0.03
    ],
    "param_n_epochs": [
        10,
        10,
        15,
        15,
        10,
        10,
        15,
        15,
        10,
        10,
        15,
        15
    ],
    "param_n_factors": [
        10,
        15,
        10,
        15,
        10,
        15,
        10,
        15,
        10,
        15,
        10,
        15
    ],
    "param_reg_all": [
        0.01,
        0.01,
        0.01,
        0.01,
        0.01,
        0.01,
        0.01,
        0.01,
        0.01,
        0.01,
        0.01,
        0.01
    ],
    "param_verbose": [
        true,
        true,
        true,
        true,
        true,
        true,
        true,
        true,
        true,
        true,
        true,
        true
    ]
}