{
    "split0_test_rmse": [
        2.013180970130784,
        2.013180970130784,
        2.013180970130784,
        2.013180970130784,
        2.013180970130784,
        2.013180970130784,
        2.013180970130784,
        2.013180970130784,
        2.013180970130784,
        2.013180970130784,
        2.013180970130784,
        2.013180970130784,
        1.0855020359612582,
        1.3606074924477032,
        1.0852392045490553,
        1.0851296488330733,
        1.0851296488330733,
        1.0851296488330733
    ],
    "split0_train_rmse": [
        2.817703390035278,
        2.817703390035278,
        2.817703390035278,
        2.817703390035278,
        2.817703390035278,
        2.817703390035278,
        2.817703390035278,
        2.817703390035278,
        2.817703390035278,
        2.817703390035278,
        2.817703390035278,
        2.817703390035278,
        1.0837791524093698,
        1.6481989433915099,
        1.0832425341900143,
        1.0828433881117483,
        1.0828433881117483,
        1.0828433881117483
    ],
    "split1_test_rmse": [
        2.0089114668620662,
        2.0089114668620662,
        2.0089114668620662,
        2.0089114668620662,
        2.0089114668620662,
        2.0089114668620662,
        2.0089114668620662,
        2.0089114668620662,
        2.0089114668620662,
        2.0089114668620662,
        2.0089114668620662,
        2.0089114668620662,
        1.7873568750181994,
        1.8043899907724623,
        1.7145262520555857,
        1.0825853807331534,
        1.0825853807331534,
        1.0825853807331534
    ],
    "split1_train_rmse": [
        2.8169522918724437,
        2.8169522918724437,
        2.8169522918724437,
        2.8169522918724437,
        2.8169522918724437,
        2.8169522918724437,
        2.8169522918724437,
        2.8169522918724437,
        2.8169522918724437,
        2.8169522918724437,
        2.8169522918724437,
        2.8169522918724437,
        2.431513329864121,
        2.461444111251324,
        2.3081509984378874,
        1.0852396413887153,
        1.0852396413887153,
        1.0852396413887153
    ],
    "mean_test_rmse": [
        2.011046218496425,
        2.011046218496425,
        2.011046218496425,
        2.011046218496425,
        2.011046218496425,
        2.011046218496425,
        2.011046218496425,
        2.011046218496425,
        2.011046218496425,
        2.011046218496425,
        2.011046218496425,
        2.011046218496425,
        1.4364294554897288,
        1.5824987416100829,
        1.3998827283023205,
        1.0838575147831133,
        1.0838575147831133,
        1.0838575147831133
    ],
    "std_test_rmse": [
        0.0021347516343588335,
        0.0021347516343588335,
        0.0021347516343588335,
        0.0021347516343588335,
        0.0021347516343588335,
        0.0021347516343588335,
        0.0021347516343588335,
        0.0021347516343588335,
        0.0021347516343588335,
        0.0021347516343588335,
        0.0021347516343588335,
        0.0021347516343588335,
        0.3509274195284706,
        0.22189124916237957,
        0.3146435237532652,
        0.001272134049959961,
        0.001272134049959961,
        0.001272134049959961
    ],
    "mean_train_rmse": [
        2.817327840953861,
        2.817327840953861,
        2.817327840953861,
        2.817327840953861,
        2.817327840953861,
        2.817327840953861,
        2.817327840953861,
        2.817327840953861,
        2.817327840953861,
        2.817327840953861,
        2.817327840953861,
        2.817327840953861,
        1.7576462411367455,
        2.0548215273214168,
        1.6956967663139508,
        1.0840415147502318,
        1.0840415147502318,
        1.0840415147502318
    ],
    "std_train_rmse": [
        0.00037554908141723686,
        0.00037554908141723686,
        0.00037554908141723686,
        0.00037554908141723686,
        0.00037554908141723686,
        0.00037554908141723686,
        0.00037554908141723686,
        0.00037554908141723686,
        0.00037554908141723686,
        0.00037554908141723686,
        0.00037554908141723686,
        0.00037554908141723686,
        0.6738670887273757,
        0.406622583929907,
        0.6124542321239366,
        0.0011981266384835099,
        0.0011981266384835099,
        0.0011981266384835099
    ],
    "rank_test_rmse": [
        10,
        16,
        15,
        14,
        13,
        12,
        11,
        17,
        18,
        9,
        8,
        7,
        5,
        6,
        4,
        2,
        3,
        1
    ],
    "mean_fit_time": [
        7.016618967056274,
        7.445024013519287,
        7.4428322315216064,
        15.27085268497467,
        16.400656819343567,
        15.035955309867859,
        7.611569046974182,
        8.141830682754517,
        7.819968223571777,
        17.535027980804443,
        16.592990040779114,
        18.160722017288208,
        8.322740316390991,
        8.453546643257141,
        8.604149222373962,
        14.838900446891785,
        16.64836883544922,
        12.102726221084595
    ],
    "std_fit_time": [
        0.19444847106933594,
        0.04079794883728027,
        0.2619333267211914,
        0.3951653242111206,
        0.4938887357711792,
        0.3545750379562378,
        0.22220933437347412,
        0.46448183059692383,
        0.0608823299407959,
        0.04097914695739746,
        0.15739595890045166,
        0.1272871494293213,
        0.07073044776916504,
        0.006830811500549316,
        0.07362115383148193,
        1.0921286344528198,
        0.6338984966278076,
        0.3629114627838135
    ],
    "mean_test_time": [
        1.1480048894882202,
        1.1453652381896973,
        1.1240639686584473,
        1.1637734174728394,
        1.252052664756775,
        1.1980316638946533,
        1.221980094909668,
        1.264097809791565,
        1.2062731981277466,
        1.3351253271102905,
        1.3440234661102295,
        1.368234634399414,
        1.19389808177948,
        1.2201553583145142,
        1.2052669525146484,
        0.6453555822372437,
        0.62090003490448,
        0.6298913955688477
    ],
    "std_test_time": [
        0.02538001537322998,
        0.0014319419860839844,
        0.012881040573120117,
        0.02726614475250244,
        0.024880528450012207,
        0.015500068664550781,
        0.024910688400268555,
        0.03215324878692627,
        0.019856572151184082,
        0.04345095157623291,
        0.04809379577636719,
        0.021747350692749023,
        0.05632150173187256,
        0.03232228755950928,
        0.05074191093444824,
        0.004410147666931152,
        0.00022804737091064453,
        0.008128166198730469
    ],
    "params": [
        {
            "lr_all": 0.002,
            "n_epoch": 5,
            "n_factors": 10
        },
        {
            "lr_all": 0.002,
            "n_epoch": 5,
            "n_factors": 15
        },
        {
            "lr_all": 0.002,
            "n_epoch": 5,
            "n_factors": 20
        },
        {
            "lr_all": 0.002,
            "n_epoch": 10,
            "n_factors": 10
        },
        {
            "lr_all": 0.002,
            "n_epoch": 10,
            "n_factors": 15
        },
        {
            "lr_all": 0.002,
            "n_epoch": 10,
            "n_factors": 20
        },
        {
            "lr_all": 0.005,
            "n_epoch": 5,
            "n_factors": 10
        },
        {
            "lr_all": 0.005,
            "n_epoch": 5,
            "n_factors": 15
        },
        {
            "lr_all": 0.005,
            "n_epoch": 5,
            "n_factors": 20
        },
        {
            "lr_all": 0.005,
            "n_epoch": 10,
            "n_factors": 10
        },
        {
            "lr_all": 0.005,
            "n_epoch": 10,
            "n_factors": 15
        },
        {
            "lr_all": 0.005,
            "n_epoch": 10,