{
    "split0_test_rmse": [
        0.9823001169691291,
        0.9821265964550916,
        0.970050557678786,
        0.9702807988929917,
        0.9705874861403343,
        0.9711031920408459,
        0.9776884992784104,
        0.9831499968389836,
        1.0001275711128346,
        1.0052403577001747,
        1.0623563456654963,
        1.0600421875169246
    ],
    "split0_train_rmse": [
        0.9495884829607423,
        0.9463963937371205,
        0.8938134002747927,
        0.8823506859068698,
        0.8988156051173655,
        0.8912748630204207,
        0.7684909262619263,
        0.7357093615842167,
        0.7166544173559185,
        0.6784218686731088,
        0.4894381351985444,
        0.4184616360963905
    ],
    "split1_test_rmse": [
        0.9837147253966099,
        0.9834654062137286,
        0.9703123256659236,
        0.9708854816433587,
        0.971060030372767,
        0.9715561483605366,
        0.9794316149248428,
        0.9830985985407391,
        1.0008010407612704,
        1.0064424604615734,
        1.064427301260678,
        1.0601978343285465
    ],
    "split1_train_rmse": [
        0.9504495917885399,
        0.9473768758901786,
        0.8924338461190116,
        0.8835258730691808,
        0.8996152499853102,
        0.8924955072277388,
        0.7637703998405135,
        0.7412802226646669,
        0.7215632913582554,
        0.680559588698723,
        0.4927636861645368,
        0.4174781503651676
    ],
    "mean_test_rmse": [
        0.9830074211828694,
        0.9827960013344101,
        0.9701814416723549,
        0.9705831402681753,
        0.9708237582565507,
        0.9713296702006913,
        0.9785600571016266,
        0.9831242976898613,
        1.0004643059370526,
        1.005841409080874,
        1.0633918234630872,
        1.0601200109227356
    ],
    "std_test_rmse": [
        0.0007073042137403784,
        0.0006694048793184915,
        0.00013088399356880887,
        0.00030234137518353466,
        0.0002362721162163517,
        0.0002264781598453336,
        0.0008715578232161847,
        2.5699149122260234e-05,
        0.00033673482421792134,
        0.0006010513806993245,
        0.0010354777975908336,
        7.78234058109728e-05
    ],
    "mean_train_rmse": [
        0.9500190373746411,
        0.9468866348136495,
        0.8931236231969022,
        0.8829382794880254,
        0.8992154275513378,
        0.8918851851240798,
        0.7661306630512199,
        0.7384947921244418,
        0.7191088543570869,
        0.679490728685916,
        0.4911009106815406,
        0.41796989323077904
    ],
    "std_train_rmse": [
        0.00043055441389883153,
        0.0004902410765290632,
        0.0006897770778905854,
        0.00058759358115551,
        0.0003998224339723522,
        0.0006103221036590778,
        0.0023602632107063704,
        0.0027854305402250645,
        0.0024544370011684302,
        0.0010688600128070935,
        0.0016627754829962038,
        0.0004917428656114331
    ],
    "rank_test_rmse": [
        7,
        6,
        1,
        2,
        3,
        4,
        5,
        8,
        9,
        10,
        12,
        11
    ],
    "mean_fit_time": [
        34.0796138048172,
        38.44791662693024,
        69.45496106147766,
        94.78972220420837,
        33.50029635429382,
        37.98861312866211,
        66.21609246730804,
        76.84386193752289,
        33.747748494148254,
        39.69655466079712,
        67.45787394046783,
        77.597909450531
    ],
    "std_fit_time": [
        0.42727935314178467,
        0.7049058675765991,
        3.238783121109009,
        17.35772442817688,
        1.1119906902313232,
        0.02237534523010254,
        0.029692530632019043,
        0.41740882396698,
        0.39834392070770264,
        0.8316867351531982,
        0.04379546642303467,
        0.25535058975219727
    ],
    "mean_test_time": [
        22.475781321525574,
        21.79956042766571,
        21.442710995674133,
        21.48497760295868,
        21.63166093826294,
        21.63457953929901,
        21.51298415660858,
        21.646777272224426,
        22.689602971076965,
        22.91665244102478,
        22.59381401538849,
        22.495943784713745
    ],
    "std_test_time": [
        1.0015994310379028,
        0.5083245038986206,
        0.8736258745193481,
        0.24815118312835693,
        0.47971320152282715,
        0.6082226037979126,
        0.11498558521270752,
        0.7653824090957642,
        0.8580371141433716,
        0.018790721893310547,
        0.5433350801467896,
        0.8089721202850342
    ],
    "params": [
        {
            "lr_all": 0.005,
            "n_epochs": 5,
            "n_factors": 10,
            "reg_all": 0.01,
            "verbose": true
        },
        {
            "lr_all": 0.005,
            "n_epochs": 5,
            "n_factors": 15,
            "reg_all": 0.01,
            "verbose": true
        },
        {
            "lr_all": 0.005,
            "n_epochs": 10,
            "n_factors": 10,
            "reg_all": 0.01,
            "verbose": true
        },
        {
            "lr_all": 0.005,
            "n_epochs": 10,
            "n_factors": 15,
            "reg_all": 0.01,
            "verbose": true
        },
        {
            "lr_all": 0.01,
            "n_epochs": 5,
            "n_factors": 10,
            "reg_all": 0.01,
            "verbose": true
        },
        {
            "lr_all": 0.01,
            "n_epochs": 5,
            "n_factors": 15,
            "reg_all": 0.01,
            "verbose": true
        },
        {
            "lr_all": 0.01,
            "n_epochs": 10,
            "n_factors": 10,
            "reg_all": 0.01,
            "verbose": true
        },
        {
            "lr_all": 0.01,
            "n_epochs": 10,
            "n_factors": 15,
            "reg_all": 0.01,
            "verbose": true
        },
        {
            "lr_all": 0.03,
            "n_epochs": 5,
            "n_factors": 10,
            "reg_all": 0.01,
            "verbose": true
        },
        {
            "lr_all": 0.03,
            "n_epochs": 5,
            "n_factors": 15,
            "reg_all": 0.01,
            "verbose": true
        },
        {
            "lr_all": 0.03,
            "n_epochs": 10,
            "n_factors": 10,
            "reg_all": 0.01,
            "verbose": true
        },
        {
            "lr_all": 0.03,
            "n_epochs": 10,
            "n_factors": 15,
            "reg_all": 0.01,
            "verbose": true
        }
    ],
    "param_lr_all": [
        0.005,
        0.005,
        0.005,
        0.005,
        0.01,
        0.01,
        0.01,
        0.01,
        0.03,
        0.03,
        0.03,
        0.03
    ],
    "param_n_epochs": [
        5,
        5,
        10,
        10,
        5,
        5,
        10,
        10,
        5,
        5,
        10,
        10
    ],
    "param_n_factors": [
        10,
        15,
        10,
        15,
        10,
        15,
        10,
        15,
        10,
        15,
        10,
        15
    ],
    "param_reg_all": [
        0.01,
        0.01,
        0.01,
        0.01,
        0.01,
        0.01,
        0.01,
        0.01,
        0.01,
        0.01,
        0.01,
        0.01
    ],
    "param_verbose": [
        true,
        true,
        true,
        true,
        true,
        true,
        true,
        true,
        true,
        true,
        true,
        true
    ]
}